{
	"credit": "Made with lorenzo",
	"parent": "bow",
	"textures": {
		"1": "item/bow_pulling_0"
	},
	"elements": [
		{
			"from": [4, 0, 15],
			"to": [6, 1, 16],
			"rotation": {"angle": 0, "axis": "y", "origin": [12, 8, 23]},
			"faces": {
				"north": {"uv": [8, 2, 10, 3], "texture": "#1"},
				"east": {"uv": [8, 2, 10, 3], "texture": "#1"},
				"south": {"uv": [8, 2, 10, 3], "texture": "#1"},
				"west": {"uv": [8, 2, 10, 3], "texture": "#1"},
				"up": {"uv": [8, 2, 10, 3], "texture": "#1"},
				"down": {"uv": [8, 2, 10, 3], "texture": "#1"}
			}
		},
		{
			"from": [5, 0, 13],
			"to": [6, 1, 15],
			"rotation": {"angle": 0, "axis": "y", "origin": [13, 8, 22]},
			"faces": {
				"north": {"uv": [8, 2, 10, 3], "texture": "#1"},
				"east": {"uv": [8, 2, 10, 3], "texture": "#1"},
				"south": {"uv": [8, 2, 10, 3], "texture": "#1"},
				"west": {"uv": [8, 2, 10, 3], "texture": "#1"},
				"up": {"uv": [8, 2, 10, 3], "texture": "#1"},
				"down": {"uv": [8, 2, 10, 3], "texture": "#1"}
			}
		},
		{
			"from": [5, 0, 0],
			"to": [6, 1, 3],
			"rotation": {"angle": 0, "axis": "y", "origin": [13, 8, 10]},
			"faces": {
				"north": {"uv": [8, 2, 10, 3], "texture": "#1"},
				"east": {"uv": [8, 2, 10, 3], "texture": "#1"},
				"south": {"uv": [8, 2, 10, 3], "texture": "#1"},
				"west": {"uv": [8, 2, 10, 3], "texture": "#1"},
				"up": {"uv": [8, 2, 10, 3], "texture": "#1"},
				"down": {"uv": [8, 2, 10, 3], "texture": "#1"}
			}
		},
		{
			"from": [4, 0, 11],
			"to": [5, 1, 14],
			"rotation": {"angle": 0, "axis": "y", "origin": [12, 8, 20]},
			"faces": {
				"north": {"uv": [8, 2, 10, 3], "texture": "#1"},
				"east": {"uv": [8, 2, 10, 3], "texture": "#1"},
				"south": {"uv": [8, 2, 10, 3], "texture": "#1"},
				"west": {"uv": [8, 2, 10, 3], "texture": "#1"},
				"up": {"uv": [8, 2, 10, 3], "texture": "#1"},
				"down": {"uv": [8, 2, 10, 3], "texture": "#1"}
			}
		},
		{
			"from": [4, 0, 2],
			"to": [5, 1, 5],
			"rotation": {"angle": 0, "axis": "y", "origin": [12, 8, 11]},
			"faces": {
				"north": {"uv": [8, 2, 10, 3], "texture": "#1"},
				"east": {"uv": [8, 2, 10, 3], "texture": "#1"},
				"south": {"uv": [8, 2, 10, 3], "texture": "#1"},
				"west": {"uv": [8, 2, 10, 3], "texture": "#1"},
				"up": {"uv": [8, 2, 10, 3], "texture": "#1"},
				"down": {"uv": [8, 2, 10, 3], "texture": "#1"}
			}
		},
		{
			"from": [2, 0, 6],
			"to": [3, 1, 11],
			"rotation": {"angle": 0, "axis": "y", "origin": [10, 8, 17]},
			"faces": {
				"north": {"uv": [8, 2, 10, 3], "texture": "#1"},
				"east": {"uv": [8, 2, 10, 3], "texture": "#1"},
				"south": {"uv": [8, 2, 10, 3], "texture": "#1"},
				"west": {"uv": [8, 2, 10, 3], "texture": "#1"},
				"up": {"uv": [8, 2, 10, 3], "texture": "#1"},
				"down": {"uv": [8, 2, 10, 3], "texture": "#1"}
			}
		},
		{
			"from": [3, 0, 10],
			"to": [4, 1, 12],
			"rotation": {"angle": 0, "axis": "y", "origin": [11, 8, 19]},
			"faces": {
				"north": {"uv": [8, 2, 10, 3], "texture": "#1"},
				"east": {"uv": [8, 2, 10, 3], "texture": "#1"},
				"south": {"uv": [8, 2, 10, 3], "texture": "#1"},
				"west": {"uv": [8, 2, 10, 3], "texture": "#1"},
				"up": {"uv": [8, 2, 10, 3], "texture": "#1"},
				"down": {"uv": [8, 2, 10, 3], "texture": "#1"}
			}
		},
		{
			"from": [3, 0, 4],
			"to": [4, 1, 7],
			"rotation": {"angle": 0, "axis": "y", "origin": [11, 8, 14]},
			"faces": {
				"north": {"uv": [8, 2, 10, 3], "texture": "#1"},
				"east": {"uv": [8, 2, 10, 3], "texture": "#1"},
				"south": {"uv": [8, 2, 10, 3], "texture": "#1"},
				"west": {"uv": [8, 2, 10, 3], "texture": "#1"},
				"up": {"uv": [8, 2, 10, 3], "texture": "#1"},
				"down": {"uv": [8, 2, 10, 3], "texture": "#1"}
			}
		},
		{
			"from": [4, 0, 0],
			"to": [5, 1, 1],
			"rotation": {"angle": 0, "axis": "y", "origin": [12, 8, 8]},
			"faces": {
				"north": {"uv": [8, 2, 10, 3], "texture": "#1"},
				"east": {"uv": [8, 2, 10, 3], "texture": "#1"},
				"south": {"uv": [8, 2, 10, 3], "texture": "#1"},
				"west": {"uv": [8, 2, 10, 3], "texture": "#1"},
				"up": {"uv": [8, 2, 10, 3], "texture": "#1"},
				"down": {"uv": [8, 2, 10, 3], "texture": "#1"}
			}
		},
		{
			"from": [6, 0, 1],
			"to": [7, 1, 2],
			"rotation": {"angle": 0, "axis": "y", "origin": [14, 8, 22]},
			"faces": {
				"north": {"uv": [12, 2, 13, 3], "texture": "#1"},
				"east": {"uv": [12, 2, 13, 3], "texture": "#1"},
				"south": {"uv": [12, 2, 13, 3], "texture": "#1"},
				"west": {"uv": [12, 2, 13, 3], "texture": "#1"},
				"up": {"uv": [12, 2, 13, 3], "texture": "#1"},
				"down": {"uv": [12, 2, 13, 3], "texture": "#1"}
			}
		},
		{
			"from": [7, 0, 2],
			"to": [8, 1, 3],
			"rotation": {"angle": 0, "axis": "y", "origin": [16, 8, 23]},
			"faces": {
				"north": {"uv": [12, 3, 13, 4], "texture": "#1"},
				"east": {"uv": [12, 3, 13, 4], "texture": "#1"},
				"south": {"uv": [12, 3, 13, 4], "texture": "#1"},
				"west": {"uv": [12, 3, 13, 4], "texture": "#1"},
				"up": {"uv": [12, 2, 13, 3], "texture": "#1"},
				"down": {"uv": [12, 3, 13, 4], "texture": "#1"}
			}
		},
		{
			"from": [8, 0, 3],
			"to": [9, 1, 4],
			"rotation": {"angle": 0, "axis": "y", "origin": [16, 8, 24]},
			"faces": {
				"north": {"uv": [13, 2, 14, 3], "texture": "#1"},
				"east": {"uv": [13, 2, 14, 3], "texture": "#1"},
				"south": {"uv": [13, 2, 14, 3], "texture": "#1"},
				"west": {"uv": [13, 2, 14, 3], "texture": "#1"},
				"up": {"uv": [13, 2, 14, 3], "texture": "#1"},
				"down": {"uv": [13, 2, 14, 3], "texture": "#1"}
			}
		},
		{
			"from": [8, 0, 4],
			"to": [9, 1, 12],
			"rotation": {"angle": 0, "axis": "y", "origin": [16, 8, 25]},
			"faces": {
				"north": {"uv": [12, 2, 13, 3], "texture": "#1"},
				"east": {"uv": [12, 2, 13, 3], "texture": "#1"},
				"south": {"uv": [12, 2, 13, 3], "texture": "#1"},
				"west": {"uv": [12, 2, 13, 3], "texture": "#1"},
				"up": {"uv": [12, 2, 13, 3], "texture": "#1"},
				"down": {"uv": [12, 2, 13, 3], "texture": "#1"}
			}
		},
		{
			"from": [6, 0, 14],
			"to": [7, 1, 15],
			"rotation": {"angle": 0, "axis": "y", "origin": [14, 8, 35]},
			"faces": {
				"north": {"uv": [13, 2, 14, 3], "texture": "#1"},
				"east": {"uv": [13, 2, 14, 3], "texture": "#1"},
				"south": {"uv": [13, 2, 14, 3], "texture": "#1"},
				"west": {"uv": [13, 2, 14, 3], "texture": "#1"},
				"up": {"uv": [13, 2, 14, 3], "texture": "#1"},
				"down": {"uv": [13, 2, 14, 3], "texture": "#1"}
			}
		},
		{
			"from": [7, 0, 13],
			"to": [8, 1, 14],
			"rotation": {"angle": 0, "axis": "y", "origin": [15, 8, 34]},
			"faces": {
				"north": {"uv": [13, 2, 14, 3], "texture": "#1"},
				"east": {"uv": [13, 2, 14, 3], "texture": "#1"},
				"south": {"uv": [13, 2, 14, 3], "texture": "#1"},
				"west": {"uv": [13, 2, 14, 3], "texture": "#1"},
				"up": {"uv": [13, 2, 14, 3], "texture": "#1"},
				"down": {"uv": [13, 2, 14, 3], "texture": "#1"}
			}
		},
		{
			"from": [8, 0, 12],
			"to": [9, 1, 13],
			"rotation": {"angle": 0, "axis": "y", "origin": [16, 8, 33]},
			"faces": {
				"north": {"uv": [12, 2, 13, 3], "texture": "#1"},
				"east": {"uv": [12, 2, 13, 3], "texture": "#1"},
				"south": {"uv": [12, 2, 13, 3], "texture": "#1"},
				"west": {"uv": [12, 2, 13, 3], "texture": "#1"},
				"up": {"uv": [12, 2, 13, 3], "texture": "#1"},
				"down": {"uv": [12, 2, 13, 3], "texture": "#1"}
			}
		},
		{
			"name": "arrow_0",
			"from": [6, 0, 7],
			"to": [8, 0.5, 8.5],
			"rotation": {"angle": 0, "axis": "y", "origin": [0, 8, 1]},
			"faces": {
				"north": {"uv": [4, 15, 6, 15], "rotation": 180, "texture": "#1"},
				"east": {"uv": [4, 15, 6, 15], "rotation": 180, "texture": "#1"},
				"south": {"uv": [4, 15, 6, 15], "rotation": 180, "texture": "#1"},
				"west": {"uv": [4, 15, 6, 15], "rotation": 180, "texture": "#1"},
				"up": {"uv": [4, 15, 6, 15], "rotation": 180, "texture": "#1"},
				"down": {"uv": [4, 15, 6, 15], "rotation": 180, "texture": "#1"}
			}
		},
		{
			"name": "arrow_1",
			"from": [1, 0, 7],
			"to": [1.5, 0.5, 8.5],
			"rotation": {"angle": 0, "axis": "y", "origin": [0, 8, 1]},
			"faces": {
				"north": {"uv": [0, 14, 2, 16], "rotation": 180, "texture": "#1"},
				"east": {"uv": [0, 14, 2, 16], "rotation": 180, "texture": "#1"},
				"south": {"uv": [0, 14, 2, 16], "rotation": 180, "texture": "#1"},
				"west": {"uv": [0, 14, 2, 16], "rotation": 180, "texture": "#1"},
				"up": {"uv": [0, 14, 2, 16], "rotation": 180, "texture": "#1"},
				"down": {"uv": [0, 14, 2, 16], "rotation": 180, "texture": "#1"}
			}
		},
		{
			"name": "arrow_2",
			"from": [1.5, 0, 7.5],
			"to": [6, 0.5, 8],
			"rotation": {"angle": 0, "axis": "y", "origin": [0, 8, 1]},
			"faces": {
				"north": {"uv": [2, 14, 4, 16], "rotation": 180, "texture": "#1"},
				"east": {"uv": [2, 14, 4, 16], "rotation": 180, "texture": "#1"},
				"south": {"uv": [2, 14, 4, 16], "rotation": 180, "texture": "#1"},
				"west": {"uv": [2, 14, 4, 16], "rotation": 180, "texture": "#1"},
				"up": {"uv": [2, 14, 4, 16], "rotation": 180, "texture": "#1"},
				"down": {"uv": [2, 14, 4, 16], "rotation": 180, "texture": "#1"}
			}
		},
		{
			"name": "arrow_3",
			"from": [0.5, 0, 7.5],
			"to": [1, 0.5, 8],
			"rotation": {"angle": 0, "axis": "y", "origin": [0, 8, 1]},
			"faces": {
				"north": {"uv": [0, 14, 2, 16], "rotation": 180, "texture": "#1"},
				"east": {"uv": [0, 14, 2, 16], "rotation": 180, "texture": "#1"},
				"south": {"uv": [0, 14, 2, 16], "rotation": 180, "texture": "#1"},
				"west": {"uv": [0, 14, 2, 16], "rotation": 180, "texture": "#1"},
				"up": {"uv": [0, 14, 2, 16], "rotation": 180, "texture": "#1"},
				"down": {"uv": [0, 14, 2, 16], "rotation": 180, "texture": "#1"}
			}
		}
	],
	"gui_light": "front",
	"display": {
		"thirdperson_righthand": {
			"rotation": [-60, -3, -90],
			"translation": [7, 0.75, 0.25]
		},
		"thirdperson_lefthand": {
			"rotation": [119, -3, -90],
			"translation": [7, 0.75, 0.25]
		},
		"firstperson_righthand": {
			"rotation": [125, -4, 80],
			"translation": [-4.75, 2.75, 4]
		},
		"firstperson_lefthand": {
			"rotation": [-49, -11, 83],
			"translation": [-6, 0, 0]
		},
		"ground": {
			"translation": [0, 4.75, 0]
		},
		"gui": {
			"rotation": [90, 0, 0],
			"translation": [2.5, 0, 0.25],
			"scale": [0.95, 0.95, 0.95]
		},
		"fixed": {
			"rotation": [-90, 0, 0],
			"translation": [2.75, 0, -8.25]
		}
	},
	"groups": [0, 1, 2, 3, 4, 5, 6, 7, 8, 9, 10, 11, 12, 13, 14, 15,
		{
			"name": "arrow",
			"origin": [8, 8, 8],
			"children": [16, 17, 18, 19]
		}
	]
}